County,Median Income,Percent of Population with High School Diploma,Percent of Population with Bachelor's Degree
Nassau,111240,91.2,45.2
Putnam,102186,93.0,39.9
Suffolk,96675,90.4,35.6
Westchester,92758,87.8,48.2
Rockland,91108,87.9,40.6
Saratoga,80839,94.1,41.4
Dutchess,78028,90.5,35.2
Orange,76716,89.7,29.8
Rensselaer,65851,91.6,30.1
Albany,64535,92.7,41.3
Schenectady,63785,90.3,31.4
Ontario,63359,93.4,34.5
Ulster,63348,90.5,32.2
Columbia,63032,90.4,31.3
Tioga,60736,90.8,25.5
Madison,60228,91.2,27.0
Warren,59813,91.7,30.0
Genesee,59338,92.1,21.5
Onondaga,59225,90.7,35.5
Tompkins,58743,94.2,52.7
Wyoming,57914,89.6,16.5
Hamilton,57552,82.6,19.3
Monroe,57479,90.3,37.7
Cayuga,56579,87.7,22.3
Sullivan,56256,86.2,23.2
Essex,56196,91.1,27.6
Livingston,56071,89.7,25.4
Wayne,55765,89.4,22.3
Erie,55673,91.4,33.7
Clinton,55178,87.9,22.9
Seneca,54695,85.4,20.9
Cortland,54489,90.7,26.9
Yates,54343,86.2,24.4
Washington,54114,87.7,20.4
Niagara,54085,91.2,23.8
Schoharie,53989,89.6,22.3
Oneida,53844,88.6,24.7
Greene,53617,87.2,22.1
Oswego,53597,87.8,18.6
Chemung,53299,90.3,23.9
Otsego,53121,91.2,30.9
Lewis,52380,89.8,16.3
Jefferson,52268,91.1,22.3
Herkimer,51862,89.9,21.0
Orleans,51843,87.1,15.9
Steuben,51789,90.0,23.1
Franklin,51696,86.8,19.4
Schuyler,51479,89.3,22.3
Broome,50859,90.5,28.3
Chenango,50595,88.2,18.3
Fulton,50248,87.4,17.8
St. Lawrence,49305,88.7,23.6
Delaware,48827,88.2,21.9
Cattaraugus,47240,88.5,19.1
Allegany,47033,90.0,20.2
Montgomery,45837,85.8,17.5
Chautauqua,45332,88.9,21.7
